task,acc,acc_max,train_loss,val_loss
Adiac,0.017902813851833344,0.017902813851833344,4.137124061584473,3.6308085918426514
